user,updated_at,body,url
"eggplants","2022-05-23T14:48:34Z","![_](https://github.githubassets.com/images/mona-loading-default.gif)","https://github.com/eggplants/ghitter/issues/134#issue-1244286549"
"eggplants","2022-05-22T23:22:23Z","```
Wordle But The Answer Is Always Penis 142 1/6

ğŸŸ©ğŸŸ©ğŸŸ©ğŸŸ©ğŸŸ©
 https://wordlebuttheanswerisalwayspenis.mokou.org
```","https://github.com/eggplants/ghitter/issues/134#issuecomment-1134017597"
"eggplants","2022-05-23T14:48:26Z","ã‚¤ã‚¯å ´åˆã€€ã‚¤ã‚«ãªã„å ´åˆ","https://github.com/eggplants/ghitter/issues/134#issuecomment-1134773393"
"eggplants","2022-05-23T14:48:33Z","OK","https://github.com/eggplants/ghitter/issues/134#issuecomment-1134773537"
